{
    "name": "first-network-org1",
    "version": "1.0.0",
    "client": {
        "organization": "Org1",
        "connection": {
            "timeout": {
                "peer": {
                    "endorser": "300"
                }
            }
        }
    },
    "organizations": {
        "Org1": {
            "mspid": "Org1MSP",
            "peers": [
                "peer0.org1.example.com",
                "peer1.org1.example.com"
            ],
            "certificateAuthorities": [
                "ca.org1.example.com"
            ]
        }
    },
    "peers": {
        "peer0.org1.example.com": {
            "url": "grpcs://peer0.org1.example.com:7051",
            "tlsCACerts": {
                "path": "/home/salva/fabric-samples/hlfnet/crypto-config/peerOrganizations/org1.example.com/peers/peer0.org1.example.com/tls/ca.crt"
            },
            "grpcOptions": {
                "ssl-target-name-override": "peer0.org1.example.com",
                "hostnameOverride": "peer0.org1.example.com"
            }
        },
        "peer1.org1.example.com": {
            "url": "grpcs://peer1.org1.example.com:7051",
            "tlsCACerts": {
                "path": "/home/salva/fabric-samples/hlfnet/crypto-config/peerOrganizations/org2.example.com/peers/peer0.org2.example.com/tls/ca.crt"
            },
            "grpcOptions": {
                "ssl-target-name-override": "peer1.org1.example.com",
                "hostnameOverride": "peer1.org1.example.com"
            }
        }
    },
    "certificateAuthorities": {
        "ca.org1.example.com": {
            "url": "http://ca.org1.example.com:7054",
            "caName": "ca_org1",
            "tlsCACerts": {
                "path": "/home/salva/fabric-samples/hlfnet/crypto-config/peerOrganizations/org1.example.com/ca/ca.org1.example.com-cert.pem"
            },
            "httpOptions": {
                "verify": false
            }
        }
    }
}
